Location,TicketID,Ticket,Status,Damage,Date / Time In,Checked-in by,Spot,Requested on,Check-Out Time,Pulled by,Delivery Time at Check-Out (d:h:m),Total Session Time (d:h:m),Pricing List Name,Amount,Tip,Collected
Radisson Blu Mall of America,RbM021295,4346,Returned,0,9/30/2025 21:31,,,10/2/2025 12:23,10/2/2025 13:04,Thomas Schneider,0h 41m,1d 15h 33m,OVERNIGHT ,68,0,68
Radisson Blu Mall of America,RbM021294,4888,Returned,0,9/30/2025 19:26,Thomas Schneider,,10/2/2025 7:16,10/3/2025 7:46,Thomas Schneider,1d 0h 30m,2d 12h 20m,OVERNIGHT ,102,0,102
Radisson Blu Mall of America,RbM021293,4361,Returned,0,9/30/2025 15:06,Thomas Schneider,,,10/2/2025 9:45,,,1d 18h 39m,OVERNIGHT ,68,0,68
Radisson Blu Mall of America,RbM021292,4362,Returned,0,9/30/2025 7:56,Thomas Schneider,,,10/11/2025 15:44,,,11d 7h 48m,Park-N-Stay,,0,0
Radisson Blu Mall of America,RbM021291,5100,Returned,0,9/29/2025 21:35,,,9/30/2025 9:23,9/30/2025 9:27,Thomas Schneider,0h 4m,11h 52m,OVERNIGHT ,34,0,34
Radisson Blu Mall of America,RbM021290,4364,Returned,0,9/29/2025 19:16,,,9/30/2025 4:03,9/30/2025 4:04,Thomas Schneider,0h 1m,8h 48m,OVERNIGHT ,34,0,34
Radisson Blu Mall of America,RbM021289,4362,Returned,0,9/29/2025 18:02,,,9/30/2025 7:20,9/30/2025 7:27,Thomas Schneider,0h 7m,13h 25m,OVERNIGHT ,34,0,34
Radisson Blu Mall of America,RbM021288,4888,Returned,0,9/29/2025 16:44,,,9/30/2025 4:48,9/30/2025 4:53,Thomas Schneider,0h 5m,12h 9m,OVERNIGHT ,34,0,34
Radisson Blu Mall of America,RbM021287,4360,Returned,0,9/29/2025 14:16,,,,10/3/2025 20:15,,,4d 5h 59m,OVERNIGHT ,136,0,136
Radisson Blu Mall of America,RbM021286,4348,Returned,0,9/29/2025 13:46,,,10/1/2025 11:05,10/1/2025 11:13,Thomas Schneider,0h 8m,1d 21h 27m,OVERNIGHT ,68,0,68
Radisson Blu Mall of America,RbM021285,4361,Returned,0,9/28/2025 21:49,,,9/30/2025 11:54,9/30/2025 12:13,Thomas Schneider,0h 19m,1d 14h 24m,OVERNIGHT ,68,0,68
Radisson Blu Mall of America,RbM021284,4348,Returned,0,9/28/2025 16:05,Evan Q,,9/29/2025 13:02,9/29/2025 13:29,Andrew E,0h 27m,21h 24m,OVERNIGHT ,34,0,34
Radisson Blu Mall of America,RbM021283,4364,Returned,0,9/28/2025 15:24,,,9/29/2025 8:39,9/29/2025 8:48,Andrew E,0h 9m,17h 24m,OVERNIGHT ,34,0,34
Radisson Blu Mall of America,RbM021282,4846,Returned,0,9/28/2025 14:57,Evan Q,,9/29/2025 15:18,9/29/2025 15:32,Andrew E,0h 14m,1d 0h 35m,OVERNIGHT ,34,0,34
Radisson Blu Mall of America,RbM021281,4344,Returned,0,9/27/2025 19:20,,,10/2/2025 19:39,10/2/2025 19:44,Thomas Schneider,0h 5m,5d 0h 24m,Park-N-Stay,,0,0
Radisson Blu Mall of America,RbM021280,4330,Returned,0,9/27/2025 16:45,Thomas Schneider,,,9/28/2025 9:33,,,16h 48m,OVERNIGHT ,34,0,34
Radisson Blu Mall of America,RbM021279,5181,Returned,0,9/27/2025 15:45,,,9/28/2025 10:13,9/28/2025 10:15,Thomas Schneider,0h 2m,18h 30m,OVERNIGHT ,34,0,34
Radisson Blu Mall of America,RbM021278,4330,Returned,0,9/27/2025 15:41,,,9/27/2025 15:43,9/27/2025 15:43,Thomas Schneider,0h 0m,0h 2m,OVERNIGHT ,,0,0
Radisson Blu Mall of America,RbM021277,4360,Returned,0,9/27/2025 15:38,Matt Jones,,9/29/2025 10:34,9/29/2025 10:38,Andrew E,0h 4m,1d 19h 0m,OVERNIGHT ,68,0,68
Radisson Blu Mall of America,RbM021276,4329,Returned,0,9/27/2025 15:27,,,9/28/2025 7:50,9/28/2025 7:59,Thomas Schneider,0h 9m,16h 32m,OVERNIGHT ,34,0,34
Radisson Blu Mall of America,RbM021275,4355,Returned,0,9/27/2025 15:10,Thomas Schneider,,9/28/2025 9:40,9/28/2025 9:45,Thomas Schneider,0h 5m,18h 35m,OVERNIGHT ,34,0,34
Radisson Blu Mall of America,RbM021274,5174,Returned,0,9/27/2025 14:25,Thomas Schneider,,9/30/2025 10:03,9/30/2025 10:08,Thomas Schneider,0h 5m,2d 19h 43m,OVERNIGHT ,102,0,102
Radisson Blu Mall of America,RbM021273,4888,Returned,0,9/27/2025 14:00,Thomas Schneider,,9/29/2025 11:20,9/29/2025 11:24,Andrew E,0h 4m,1d 21h 24m,OVERNIGHT ,68,0,68
Radisson Blu Mall of America,RbM021272,4861,Returned,0,9/26/2025 21:56,Thomas Schneider,,9/27/2025 11:14,9/27/2025 11:19,Thomas Schneider,0h 5m,13h 23m,OVERNIGHT ,34,0,34
Radisson Blu Mall of America,RbM021271,4331,Returned,0,9/26/2025 20:11,Thomas Schneider,,,9/27/2025 22:35,,,1d 2h 24m,OVERNIGHT ,34,0,34
Radisson Blu Mall of America,RbM021270,7815,Returned,0,9/26/2025 17:22,Thomas Schneider,,,9/28/2025 22:32,,,2d 5h 10m,OVERNIGHT ,68,0,0
Radisson Blu Mall of America,RbM021269,4354,Returned,0,9/26/2025 16:49,Thomas Schneider,,9/28/2025 10:30,9/28/2025 10:41,Thomas Schneider,0h 11m,1d 17h 52m,OVERNIGHT ,68,0,68
Radisson Blu Mall of America,RbM021268,4367,Returned,0,9/26/2025 16:44,Thomas Schneider,,9/27/2025 9:03,9/27/2025 9:09,Thomas Schneider,0h 6m,16h 25m,OVERNIGHT ,34,0,34
Radisson Blu Mall of America,RbM021267,4364,Returned,0,9/26/2025 16:06,Thomas Schneider,,9/28/2025 7:58,9/28/2025 8:07,Thomas Schneider,0h 9m,1d 16h 1m,OVERNIGHT ,68,0,68
Radisson Blu Mall of America,RbM021266,4368,Returned,0,9/26/2025 15:55,Thomas Schneider,,9/28/2025 8:57,9/28/2025 9:03,Thomas Schneider,0h 6m,1d 17h 8m,OVERNIGHT ,68,0,68
Radisson Blu Mall of America,RbM021265,4846,Returned,0,9/26/2025 15:12,Thomas Schneider,,9/28/2025 12:51,9/28/2025 12:54,Thomas Schneider,0h 3m,1d 21h 42m,OVERNIGHT ,68,0,68
Radisson Blu Mall of America,RbM021264,4894,Returned,0,9/26/2025 12:54,Thomas Schneider,,9/27/2025 10:56,9/27/2025 11:01,Thomas Schneider,0h 5m,22h 7m,OVERNIGHT ,34,0,34
Radisson Blu Mall of America,RbM021263,4362,Returned,0,9/26/2025 11:19,Thomas Schneider,,,9/28/2025 7:26,,,1d 20h 7m,OVERNIGHT ,102,0,102
Radisson Blu Mall of America,RbM021262,4817,Returned,0,9/26/2025 0:03,Thomas Schneider,,9/28/2025 10:01,9/28/2025 10:04,Thomas Schneider,0h 3m,2d 10h 1m,OVERNIGHT ,102,0,102
Radisson Blu Mall of America,RbM021261,4815,Returned,0,9/26/2025 0:01,,,,9/28/2025 7:36,,,2d 7h 35m,OVERNIGHT ,102,0,102
Radisson Blu Mall of America,RbM021260,4361,Returned,0,9/25/2025 17:30,,,9/26/2025 7:46,9/26/2025 8:03,Thomas Schneider,0h 17m,14h 33m,OVERNIGHT ,34,0,34
Radisson Blu Mall of America,RbM021259,5178,Returned,0,9/25/2025 17:23,Thomas Schneider,,9/28/2025 9:18,9/28/2025 9:49,Thomas Schneider,0h 28m,2d 16h 26m,OVERNIGHT ,102,0,102
Radisson Blu Mall of America,RbM021258,4356,Returned,0,9/25/2025 17:18,Andrew E,,9/28/2025 10:53,9/28/2025 10:58,Thomas Schneider,0h 5m,2d 17h 40m,OVERNIGHT ,102,0,102
Radisson Blu Mall of America,RbM021257,4338,Returned,0,9/25/2025 16:14,Thomas Schneider,,9/28/2025 9:27,9/28/2025 9:43,Thomas Schneider,0h 16m,2d 17h 29m,OVERNIGHT ,102,0,102
Radisson Blu Mall of America,RbM021256,4855,Returned,0,9/25/2025 15:17,,,9/25/2025 23:13,9/25/2025 23:21,Thomas Schneider,0h 8m,8h 4m,OVERNIGHT ,,0,0
Radisson Blu Mall of America,RbM021255,4308,Returned,0,9/25/2025 14:39,,,9/26/2025 4:42,9/26/2025 4:48,Thomas Schneider,0h 6m,14h 9m,OVERNIGHT ,34,0,34
Radisson Blu Mall of America,RbM021254,4363,Returned,0,9/25/2025 14:32,,,9/26/2025 9:43,9/26/2025 9:47,Thomas Schneider,0h 4m,19h 15m,OVERNIGHT ,34,0,34
Radisson Blu Mall of America,RbM021253,4344,Returned,0,9/25/2025 12:22,Andrew E,,9/26/2025 11:14,9/26/2025 11:23,Thomas Schneider,0h 9m,23h 1m,OVERNIGHT ,34,0,34
Radisson Blu Mall of America,RbM021252,4361,Returned,0,9/25/2025 10:29,Andrew E,,,9/25/2025 17:30,,,7h 1m,OVERNIGHT ,34,0,34
Radisson Blu Mall of America,RbM021251,4308,Returned,0,9/24/2025 22:46,,,9/25/2025 11:17,9/25/2025 11:22,Andrew E,0h 5m,12h 36m,OVERNIGHT ,34,0,34
Radisson Blu Mall of America,RbM021250,7353,Returned,0,9/24/2025 21:20,,,9/26/2025 12:15,9/26/2025 12:22,Thomas Schneider,0h 7m,1d 15h 2m,OVERNIGHT ,68,0,68
Radisson Blu Mall of America,RbM021249,4817,Returned,0,9/24/2025 14:48,,,,9/26/2025 0:02,,,1d 9h 14m,OVERNIGHT ,34,0,34
Radisson Blu Mall of America,RbM021248,4344,Returned,0,9/24/2025 14:32,,,9/25/2025 11:32,9/25/2025 11:40,Andrew E,0h 8m,21h 8m,OVERNIGHT ,34,0,34
Radisson Blu Mall of America,RbM021247,4855,Returned,0,9/23/2025 19:17,,,9/24/2025 15:13,9/24/2025 15:17,Andrew E,0h 4m,20h 0m,OVERNIGHT ,34,0,34
Radisson Blu Mall of America,RbM021246,4331,Returned,0,9/23/2025 17:51,Andrew E,,9/26/2025 9:12,9/26/2025 9:19,Thomas Schneider,0h 7m,2d 15h 28m,OVERNIGHT ,102,0,102
Radisson Blu Mall of America,RbM021245,5100,Returned,0,9/23/2025 16:02,Andrew E,,9/25/2025 11:21,9/25/2025 11:26,Andrew E,0h 5m,1d 19h 24m,OVERNIGHT ,68,0,68
Radisson Blu Mall of America,RbM021244,4345,Returned,0,9/23/2025 14:52,Andrew E,,9/25/2025 8:48,9/25/2025 8:56,Andrew E,0h 8m,1d 18h 4m,OVERNIGHT ,68,0,68
Radisson Blu Mall of America,RbM021243,4888,Returned,0,9/23/2025 0:17,Thomas Schneider,,,9/27/2025 6:32,,,4d 6h 15m,OVERNIGHT ,170,0,0
Radisson Blu Mall of America,RbM021242,4861,Returned,0,9/22/2025 21:12,,,9/23/2025 12:01,9/23/2025 12:10,Andrew E,0h 9m,14h 58m,OVERNIGHT ,34,0,34
Radisson Blu Mall of America,RbM021241,4363,Returned,0,9/22/2025 18:02,Andrew E,,9/25/2025 11:36,9/25/2025 11:40,Andrew E,0h 4m,2d 17h 38m,OVERNIGHT ,102,0,102
Radisson Blu Mall of America,RbM021240,4822,Returned,0,9/22/2025 14:36,,,,9/25/2025 20:57,,,3d 6h 21m,OVERNIGHT ,102,0,102
Radisson Blu Mall of America,RbM021239,4329,Returned,0,9/22/2025 13:50,Andrew E,,9/25/2025 5:54,9/25/2025 5:59,Thomas Schneider,0h 5m,2d 16h 9m,OVERNIGHT ,102,0,102
Radisson Blu Mall of America,RbM021238,7392,Returned,0,9/22/2025 11:55,Thomas Schneider,,9/22/2025 12:52,9/24/2025 1:08,Andrew E,1d 12h 16m,1d 13h 13m,OVERNIGHT ,34,0,68
Radisson Blu Mall of America,RbM021237,4332,Returned,0,9/21/2025 22:55,Thomas Schneider,,9/22/2025 10:51,9/24/2025 1:08,Thomas Schneider,1d 14h 17m,2d 2h 13m,OVERNIGHT ,68,0,68
Radisson Blu Mall of America,RbM021236,5178,Returned,0,9/21/2025 16:57,Andrew E,,9/25/2025 16:29,9/25/2025 17:21,Andrew E,0h 52m,4d 0h 24m,OVERNIGHT ,136,0,136
Radisson Blu Mall of America,RbM021235,5100,Returned,0,9/21/2025 16:35,Evan Q,,9/22/2025 8:46,9/22/2025 8:52,Thomas Schneider,0h 6m,16h 17m,OVERNIGHT ,34,0,34
Radisson Blu Mall of America,RbM021234,4361,Returned,0,9/21/2025 16:17,Andrew E,,9/25/2025 8:43,9/25/2025 8:56,Andrew E,0h 13m,3d 16h 39m,OVERNIGHT ,136,0,136
Radisson Blu Mall of America,RbM021233,5181,Returned,0,9/21/2025 15:40,Evan Q,,9/22/2025 3:04,9/22/2025 3:10,Thomas Schneider,0h 6m,11h 30m,OVERNIGHT ,34,0,34
Radisson Blu Mall of America,RbM021232,4817,Returned,0,9/21/2025 15:30,,,9/24/2025 8:27,9/24/2025 8:42,Andrew E,0h 15m,2d 17h 12m,OVERNIGHT ,102,0,102
Radisson Blu Mall of America,RbM021231,5178,Returned,0,9/21/2025 15:27,Evan Q,,,9/21/2025 15:30,,,0h 3m,OVERNIGHT ,,0,0
Radisson Blu Mall of America,RbM021230,4346,Returned,0,9/21/2025 14:42,,,9/29/2025 14:09,9/29/2025 14:21,Thomas Schneider,0h 12m,7d 23h 39m,Park-N-Stay,,0,0
Radisson Blu Mall of America,RbM021229,4360,Returned,0,9/21/2025 13:30,Thomas Schneider,,9/25/2025 15:56,9/25/2025 17:18,Andrew E,1h 22m,4d 3h 48m,OVERNIGHT ,136,0,136
Radisson Blu Mall of America,RbM021228,4888,Returned,0,9/21/2025 8:57,Thomas Schneider,,,9/21/2025 16:16,,,7h 19m,OVERNIGHT ,34,0,34
Radisson Blu Mall of America,RbM021227,4365,Returned,0,9/21/2025 8:49,Thomas Schneider,,9/22/2025 8:01,9/22/2025 8:07,Thomas Schneider,0h 6m,23h 18m,OVERNIGHT ,34,0,68
Radisson Blu Mall of America,RbM021226,4822,Returned,0,9/21/2025 8:24,Thomas Schneider,,9/22/2025 12:44,9/22/2025 12:50,Andrew E,0h 6m,1d 4h 26m,OVERNIGHT ,34,0,68
Radisson Blu Mall of America,RbM021225,4336,Returned,0,9/20/2025 22:53,Matt Jones,,9/21/2025 10:37,9/21/2025 10:58,Thomas Schneider,0h 21m,12h 5m,OVERNIGHT ,34,0,34
Radisson Blu Mall of America,RbM021224,4861,Returned,0,9/20/2025 20:59,Thomas Schneider,,9/22/2025 12:19,9/22/2025 12:37,Andrew E,0h 18m,1d 15h 38m,OVERNIGHT ,34,0,68
Radisson Blu Mall of America,RbM021223,4859,Returned,0,9/20/2025 20:57,Matt Jones,,9/22/2025 11:40,9/22/2025 11:46,Thomas Schneider,0h 6m,1d 14h 49m,OVERNIGHT ,68,0,68
Radisson Blu Mall of America,RbM021222,4348,Returned,0,9/20/2025 20:29,,,9/22/2025 10:50,9/22/2025 11:05,Thomas Schneider,0h 15m,1d 14h 36m,OVERNIGHT ,68,0,68
Radisson Blu Mall of America,RbM021221,4888,Returned,0,9/20/2025 19:44,Matt Jones,,9/21/2025 8:12,9/21/2025 8:20,Thomas Schneider,0h 8m,12h 36m,OVERNIGHT ,34,0,34
Radisson Blu Mall of America,RbM021220,4855,Returned,0,9/20/2025 19:39,Evan Q,,9/23/2025 14:46,9/23/2025 14:59,Andrew E,0h 13m,2d 19h 20m,OVERNIGHT ,102,0,102
Radisson Blu Mall of America,RbM021219,4332,Returned,0,9/20/2025 19:03,,,9/21/2025 8:35,9/21/2025 9:20,Thomas Schneider,0h 45m,14h 17m,OVERNIGHT ,34,0,34
Radisson Blu Mall of America,RbM021218,4337,Returned,0,9/20/2025 18:11,Matt Jones,,9/21/2025 15:57,9/21/2025 16:16,Thomas Schneider,0h 4m,22h 5m,OVERNIGHT ,34,0,34
Radisson Blu Mall of America,RbM021217,4336,Returned,0,9/20/2025 17:55,Matt Jones,,9/20/2025 21:50,9/20/2025 22:12,Matt Jones,0h 22m,4h 17m,OVERNIGHT ,,0,0
Radisson Blu Mall of America,RbM021216,4351,Returned,0,9/20/2025 17:10,Matt Jones,,9/21/2025 8:55,9/21/2025 9:03,Thomas Schneider,0h 8m,15h 53m,OVERNIGHT ,34,0,34
Radisson Blu Mall of America,RbM021215,4340,Returned,0,9/20/2025 16:36,Matt Jones,,9/21/2025 8:57,9/22/2025 22:32,Thomas Schneider,1d 13h 35m,2d 5h 56m,OVERNIGHT ,68,0,68
Radisson Blu Mall of America,RbM021214,4368,Returned,0,9/20/2025 16:34,Matt Jones,,9/21/2025 9:11,9/21/2025 9:16,Thomas Schneider,0h 4m,16h 42m,OVERNIGHT ,34,0,34
Radisson Blu Mall of America,RbM021213,5129,Returned,0,9/20/2025 16:29,Matt Jones,,9/21/2025 9:43,9/21/2025 9:56,Thomas Schneider,0h 13m,17h 27m,OVERNIGHT ,34,0,34
Radisson Blu Mall of America,RbM021212,4347,Returned,0,9/20/2025 16:09,Thomas Schneider,,9/21/2025 17:33,9/21/2025 17:41,Matt Jones,0h 8m,1d 1h 32m,OVERNIGHT ,34,0,34
Radisson Blu Mall of America,RbM021211,4846,Returned,0,9/20/2025 15:49,Matt Jones,,9/21/2025 9:01,9/21/2025 9:12,Thomas Schneider,0h 6m,17h 23m,OVERNIGHT ,34,0,34
Radisson Blu Mall of America,RbM021210,4329,Returned,0,9/20/2025 15:48,Thomas Schneider,,,9/22/2025 6:33,,,1d 14h 45m,OVERNIGHT ,34,0,68
Radisson Blu Mall of America,RbM021209,4349,Returned,0,9/20/2025 15:46,Matt Jones,,9/22/2025 10:13,9/22/2025 10:17,Thomas Schneider,0h 4m,1d 18h 31m,OVERNIGHT ,68,0,68
Radisson Blu Mall of America,RbM021208,4350,Returned,0,9/20/2025 15:32,,,,9/22/2025 13:06,,,1d 21h 34m,OVERNIGHT ,68,0,68
Radisson Blu Mall of America,RbM021207,4342,Returned,0,9/20/2025 15:15,Thomas Schneider,,9/21/2025 9:20,9/21/2025 9:33,Thomas Schneider,0h 13m,18h 18m,OVERNIGHT ,34,0,34
Radisson Blu Mall of America,RbM021206,4343,Returned,0,9/20/2025 15:13,Thomas Schneider,,9/21/2025 8:25,9/21/2025 8:31,Thomas Schneider,0h 6m,17h 18m,OVERNIGHT ,34,0,34
Radisson Blu Mall of America,RbM021205,4338,Returned,0,9/20/2025 15:05,Thomas Schneider,,9/21/2025 16:27,9/21/2025 18:58,Evan Q,2h 31m,1d 3h 53m,OVERNIGHT ,34,0,34
Radisson Blu Mall of America,RbM021204,4344,Returned,0,9/20/2025 15:04,Thomas Schneider,,9/24/2025 11:31,9/24/2025 11:38,Andrew E,0h 7m,3d 20h 34m,OVERNIGHT ,136,0,136
Radisson Blu Mall of America,RbM021203,4339,Returned,0,9/20/2025 14:59,Thomas Schneider,,9/21/2025 10:53,9/21/2025 11:00,Thomas Schneider,0h 7m,20h 1m,OVERNIGHT ,34,0,34
Radisson Blu Mall of America,RbM021202,4367,Returned,0,9/20/2025 14:54,Thomas Schneider,,9/22/2025 8:09,9/22/2025 8:15,Thomas Schneider,0h 6m,1d 17h 21m,OVERNIGHT ,68,0,68
Radisson Blu Mall of America,RbM021201,4346,Returned,0,9/20/2025 14:54,Thomas Schneider,,9/21/2025 9:40,9/21/2025 9:45,Thomas Schneider,0h 5m,18h 51m,OVERNIGHT ,34,0,34
Radisson Blu Mall of America,RbM021200,4345,Returned,0,9/20/2025 14:53,Thomas Schneider,,9/21/2025 11:44,9/21/2025 11:50,Thomas Schneider,0h 6m,20h 57m,OVERNIGHT ,34,0,34
Radisson Blu Mall of America,RbM021199,4362,Returned,0,9/20/2025 14:41,Thomas Schneider,,9/21/2025 10:40,9/21/2025 10:44,Thomas Schneider,0h 4m,20h 3m,OVERNIGHT ,34,0,34
Radisson Blu Mall of America,RbM021198,6255,Returned,0,9/20/2025 14:34,Thomas Schneider,,,9/21/2025 9:26,,,18h 52m,OVERNIGHT ,34,0,34
Radisson Blu Mall of America,RbM021197,7353,Returned,0,9/20/2025 14:31,Thomas Schneider,,9/21/2025 7:59,9/21/2025 8:13,Thomas Schneider,0h 6m,17h 42m,OVERNIGHT ,34,0,34
Radisson Blu Mall of America,RbM021196,4364,Returned,0,9/20/2025 14:15,Thomas Schneider,,9/21/2025 8:59,9/21/2025 9:06,Thomas Schneider,0h 4m,18h 51m,OVERNIGHT ,34,0,34
Radisson Blu Mall of America,RbM021195,4361,Returned,0,9/20/2025 12:56,Thomas Schneider,,9/21/2025 8:12,9/21/2025 8:19,Thomas Schneider,0h 7m,19h 23m,OVERNIGHT ,34,0,34
Radisson Blu Mall of America,RbM021194,4308,Returned,0,9/20/2025 9:06,Thomas Schneider,,9/22/2025 6:16,9/22/2025 6:38,Thomas Schneider,0h 11m,1d 21h 32m,OVERNIGHT ,102,0,102
Radisson Blu Mall of America,RbM021193,2948,Returned,0,9/20/2025 5:21,Thomas Schneider,,9/21/2025 11:00,9/21/2025 11:04,Thomas Schneider,0h 4m,1d 5h 43m,OVERNIGHT ,68,0,68
Radisson Blu Mall of America,RbM021192,2953,Returned,0,9/19/2025 23:44,,,,9/22/2025 13:07,,,2d 13h 23m,OVERNIGHT ,102,0,102
Radisson Blu Mall of America,RbM021191,2952,Returned,0,9/19/2025 22:46,,,9/20/2025 9:36,9/20/2025 9:41,Thomas Schneider,0h 5m,10h 55m,OVERNIGHT ,34,0,34
Radisson Blu Mall of America,RbM021190,2951,Returned,0,9/19/2025 22:32,,,9/21/2025 8:09,9/21/2025 8:16,Thomas Schneider,0h 7m,1d 9h 44m,OVERNIGHT ,68,0,68
Radisson Blu Mall of America,RbM021189,2950,Returned,0,9/19/2025 22:29,,,9/20/2025 13:41,9/21/2025 20:14,Thomas Schneider,1d 6h 33m,1d 21h 45m,OVERNIGHT ,68,0,68
Radisson Blu Mall of America,RbM021188,2933,Returned,0,9/19/2025 21:23,,,9/22/2025 7:43,9/22/2025 7:59,Thomas Schneider,0h 16m,2d 10h 36m,OVERNIGHT ,102,0,102
Radisson Blu Mall of America,RbM021187,4822,Returned,0,9/19/2025 20:49,Thomas Schneider,,9/21/2025 7:53,9/21/2025 8:10,Thomas Schneider,0h 13m,1d 11h 21m,OVERNIGHT ,68,0,68
Radisson Blu Mall of America,RbM021186,5007,Returned,0,9/19/2025 20:43,,,9/20/2025 11:17,9/20/2025 11:25,Thomas Schneider,0h 8m,14h 42m,OVERNIGHT ,34,0,34
Radisson Blu Mall of America,RbM021185,7281,Returned,0,9/19/2025 20:38,,,9/20/2025 14:31,9/20/2025 14:38,Thomas Schneider,0h 6m,18h 0m,OVERNIGHT ,34,0,34
Radisson Blu Mall of America,RbM021184,4821,Returned,0,9/19/2025 20:14,,,,9/22/2025 13:06,,,2d 16h 52m,OVERNIGHT ,102,0,102
Radisson Blu Mall of America,RbM021183,4894,Returned,0,9/19/2025 20:12,,,9/21/2025 9:07,9/21/2025 9:10,Thomas Schneider,0h 3m,1d 12h 58m,OVERNIGHT ,68,0,68
Radisson Blu Mall of America,RbM021182,4859,Returned,0,9/19/2025 19:26,Thomas Schneider,,9/20/2025 6:48,9/20/2025 6:49,Thomas Schneider,0h 1m,11h 23m,OVERNIGHT ,34,0,34
Radisson Blu Mall of America,RbM021181,4308,Returned,0,9/19/2025 19:11,,,9/20/2025 8:44,9/20/2025 8:53,Thomas Schneider,0h 9m,13h 42m,OVERNIGHT ,34,0,34
Radisson Blu Mall of America,RbM021180,6197,Returned,0,9/19/2025 18:56,Andrew E,,9/24/2025 9:15,9/24/2025 9:30,Andrew E,0h 15m,4d 14h 34m,OVERNIGHT ,170,0,170
Radisson Blu Mall of America,RbM021179,4331,Returned,0,9/19/2025 18:50,,,9/21/2025 11:35,9/21/2025 12:22,Thomas Schneider,0h 24m,1d 17h 32m,OVERNIGHT ,68,0,68
Radisson Blu Mall of America,RbM021178,6192,Returned,0,9/19/2025 18:45,Thomas Schneider,,9/22/2025 6:33,9/22/2025 6:48,Thomas Schneider,0h 0m,2d 12h 3m,OVERNIGHT ,102,0,102
Radisson Blu Mall of America,RbM021177,5195,Returned,0,9/19/2025 18:44,,,9/21/2025 9:24,9/21/2025 9:33,Thomas Schneider,0h 6m,1d 14h 49m,OVERNIGHT ,68,0,68
Radisson Blu Mall of America,RbM021176,5393,Returned,1,9/19/2025 18:42,Thomas Schneider,,9/20/2025 13:04,9/20/2025 13:15,Thomas Schneider,0h 11m,18h 33m,OVERNIGHT ,34,0,34
Radisson Blu Mall of America,RbM021175,6255,Returned,0,9/19/2025 18:35,,,9/20/2025 11:28,9/20/2025 11:34,Thomas Schneider,0h 6m,16h 59m,OVERNIGHT ,34,0,34
Radisson Blu Mall of America,RbM021174,5193,Returned,0,9/19/2025 18:15,,,9/20/2025 13:43,9/20/2025 13:50,Thomas Schneider,0h 7m,19h 35m,OVERNIGHT ,34,0,34
Radisson Blu Mall of America,RbM021173,5181,Returned,0,9/19/2025 17:52,,,9/21/2025 10:58,9/21/2025 11:05,Thomas Schneider,0h 3m,1d 17h 13m,OVERNIGHT ,68,0,68
Radisson Blu Mall of America,RbM021172,5100,Returned,0,9/19/2025 17:49,,,9/20/2025 10:59,9/20/2025 11:10,Thomas Schneider,0h 11m,17h 21m,OVERNIGHT ,34,0,34
Radisson Blu Mall of America,RbM021171,5192,Returned,0,9/19/2025 17:47,,,9/20/2025 8:57,9/20/2025 9:07,Thomas Schneider,0h 10m,15h 20m,OVERNIGHT ,34,0,34
Radisson Blu Mall of America,RbM021170,4835,Returned,0,9/19/2025 17:45,Matt Jones,,9/22/2025 8:35,9/22/2025 8:42,Thomas Schneider,0h 7m,2d 14h 57m,OVERNIGHT ,102,0,102
Radisson Blu Mall of America,RbM021169,5174,Returned,0,9/19/2025 17:43,,,9/20/2025 11:45,9/20/2025 11:55,Thomas Schneider,0h 10m,18h 12m,OVERNIGHT ,34,0,34
Radisson Blu Mall of America,RbM021168,5178,Returned,0,9/19/2025 17:43,,,9/20/2025 10:43,9/20/2025 10:54,Thomas Schneider,0h 11m,17h 11m,OVERNIGHT ,34,0,34
Radisson Blu Mall of America,RbM021167,5182,Returned,0,9/19/2025 17:40,,,9/21/2025 9:51,9/21/2025 9:56,Thomas Schneider,0h 5m,1d 16h 16m,OVERNIGHT ,68,0,68
Radisson Blu Mall of America,RbM021166,4815,Returned,0,9/19/2025 17:29,,,,9/21/2025 11:14,,,1d 17h 45m,OVERNIGHT ,68,0,68
Radisson Blu Mall of America,RbM021165,5173,Returned,0,9/19/2025 17:25,,,9/22/2025 8:22,9/22/2025 8:27,Thomas Schneider,0h 5m,2d 15h 2m,OVERNIGHT ,102,0,102
Radisson Blu Mall of America,RbM021164,4861,Returned,0,9/19/2025 17:14,,,9/20/2025 7:39,9/20/2025 7:45,Thomas Schneider,0h 6m,14h 31m,OVERNIGHT ,34,0,34
Radisson Blu Mall of America,RbM021163,4368,Returned,0,9/19/2025 16:58,,,9/20/2025 6:54,9/20/2025 7:04,Thomas Schneider,0h 9m,14h 6m,OVERNIGHT ,34,0,34
Radisson Blu Mall of America,RbM021162,4360,Returned,0,9/19/2025 16:57,,,9/21/2025 10:55,9/21/2025 10:58,Thomas Schneider,0h 3m,1d 18h 1m,OVERNIGHT ,68,0,68
Radisson Blu Mall of America,RbM021161,4855,Returned,0,9/19/2025 16:48,,,9/20/2025 8:58,9/20/2025 9:08,Thomas Schneider,0h 10m,16h 20m,OVERNIGHT ,34,0,34
Radisson Blu Mall of America,RbM021160,4330,Returned,0,9/19/2025 16:44,Matt Jones,,9/21/2025 8:54,9/21/2025 8:57,Thomas Schneider,0h 3m,1d 16h 13m,OVERNIGHT ,34,0,68
Radisson Blu Mall of America,RbM021159,4817,Returned,0,9/19/2025 16:42,Matt Jones,,9/21/2025 9:19,9/21/2025 9:41,Thomas Schneider,0h 22m,1d 16h 59m,OVERNIGHT ,34,0,68
Radisson Blu Mall of America,RbM021158,4340,Returned,0,9/19/2025 16:39,,,9/20/2025 8:05,9/20/2025 8:29,Thomas Schneider,0h 24m,15h 50m,OVERNIGHT ,34,0,34
Radisson Blu Mall of America,RbM021157,4329,Returned,0,9/19/2025 16:31,,,9/20/2025 10:22,9/20/2025 10:28,Thomas Schneider,0h 6m,17h 57m,OVERNIGHT ,34,0,34
Radisson Blu Mall of America,RbM021156,4363,Returned,0,9/19/2025 16:23,,,9/22/2025 6:34,9/22/2025 6:58,Thomas Schneider,0h 11m,2d 14h 35m,OVERNIGHT ,102,0,102
Radisson Blu Mall of America,RbM021155,7353,Returned,0,9/19/2025 16:20,Thomas Schneider,,9/20/2025 13:37,9/20/2025 14:25,Thomas Schneider,0h 48m,22h 5m,OVERNIGHT ,34,0,34
Radisson Blu Mall of America,RbM021154,6226,Returned,0,9/19/2025 16:20,,,9/27/2025 23:49,9/28/2025 0:01,Thomas Schneider,0h 8m,8d 7h 41m,Park-N-Stay,,0,0
Radisson Blu Mall of America,RbM021153,4367,Returned,0,9/19/2025 15:56,,,9/20/2025 14:25,9/20/2025 14:39,Thomas Schneider,0h 5m,22h 43m,OVERNIGHT ,34,0,34
Radisson Blu Mall of America,RbM021152,5129,Returned,0,9/19/2025 15:54,,,9/20/2025 7:47,9/20/2025 7:54,Thomas Schneider,0h 7m,16h 0m,OVERNIGHT ,34,0,34
Radisson Blu Mall of America,RbM021151,4364,Returned,0,9/19/2025 15:44,,,9/20/2025 10:36,9/20/2025 10:44,Thomas Schneider,0h 8m,19h 0m,OVERNIGHT ,34,0,34
Radisson Blu Mall of America,RbM021150,4888,Returned,0,9/19/2025 15:42,Thomas Schneider,,,9/20/2025 19:44,,,1d 4h 2m,OVERNIGHT ,34,0,34
Radisson Blu Mall of America,RbM021149,4362,Returned,0,9/19/2025 15:35,,,9/20/2025 12:37,9/20/2025 12:44,Thomas Schneider,0h 7m,21h 9m,OVERNIGHT ,34,0,34
Radisson Blu Mall of America,RbM021148,4365,Returned,0,9/19/2025 15:20,Thomas Schneider,,9/21/2025 8:38,9/21/2025 8:43,Thomas Schneider,0h 4m,1d 17h 23m,OVERNIGHT ,68,0,68
Radisson Blu Mall of America,RbM021147,7392,Returned,0,9/19/2025 14:49,,,9/22/2025 10:35,9/22/2025 11:23,Thomas Schneider,0h 48m,2d 20h 34m,OVERNIGHT ,102,0,102
Radisson Blu Mall of America,RbM021146,4340,Returned,0,9/18/2025 23:41,,,9/19/2025 16:03,9/19/2025 16:07,Quinn Mellin,0h 4m,16h 26m,OVERNIGHT ,34,0,34
Radisson Blu Mall of America,RbM021145,4332,Returned,0,9/18/2025 23:33,Quinn Mellin,,,9/20/2025 19:02,,,1d 19h 29m,OVERNIGHT ,68,0,68
Radisson Blu Mall of America,RbM021144,4362,Returned,0,9/18/2025 21:40,Thomas Schneider,,9/19/2025 3:55,9/19/2025 4:21,Thomas Schneider,0h 14m,6h 41m,OVERNIGHT ,34,0,34
Radisson Blu Mall of America,RbM021143,4331,Returned,0,9/18/2025 20:53,Thomas Schneider,,9/19/2025 3:55,9/19/2025 4:22,Thomas Schneider,0h 14m,7h 29m,OVERNIGHT ,34,0,34
Radisson Blu Mall of America,RbM021142,4328,Returned,0,9/18/2025 19:47,Thomas Schneider,,9/21/2025 9:01,9/21/2025 9:12,Thomas Schneider,0h 11m,2d 13h 25m,OVERNIGHT ,102,0,102
Radisson Blu Mall of America,RbM021141,5173,Returned,0,9/18/2025 16:11,Thomas Schneider,,,9/19/2025 16:36,,,1d 0h 25m,OVERNIGHT ,34,0,34
Radisson Blu Mall of America,RbM021140,4846,Returned,0,9/18/2025 12:31,Thomas Schneider,,9/20/2025 7:33,9/20/2025 7:41,Thomas Schneider,0h 8m,1d 19h 10m,OVERNIGHT ,68,0,68
Radisson Blu Mall of America,RbM021139,4822,Returned,0,9/18/2025 8:21,Thomas Schneider,,,9/19/2025 16:36,,,1d 8h 15m,OVERNIGHT ,68,0,68
Radisson Blu Mall of America,RbM021138,4846,Returned,0,9/17/2025 16:16,,,9/18/2025 11:49,9/18/2025 11:58,Thomas Schneider,0h 9m,19h 42m,OVERNIGHT ,34,0,34
Radisson Blu Mall of America,RbM021137,4858,Returned,0,9/17/2025 15:56,Antonio Herr,,9/27/2025 23:40,9/27/2025 23:51,Thomas Schneider,0h 6m,10d 7h 55m,Park-N-Stay,,0,0
Radisson Blu Mall of America,RbM021136,4888,Returned,0,9/16/2025 23:57,,,9/19/2025 5:20,9/19/2025 5:30,Thomas Schneider,0h 5m,2d 5h 33m,OVERNIGHT ,102,0,102
Radisson Blu Mall of America,RbM021135,4370,Returned,0,9/16/2025 20:54,,,9/17/2025 9:27,9/17/2025 9:41,Andrew E,0h 14m,12h 47m,OVERNIGHT ,34,0,34
Radisson Blu Mall of America,RbM021134,4365,Returned,0,9/16/2025 18:44,,,9/17/2025 7:45,9/17/2025 7:57,Andrew E,0h 12m,13h 13m,OVERNIGHT ,34,0,34
Radisson Blu Mall of America,RbM021133,5173,Returned,0,9/16/2025 15:29,Andrew E,,9/18/2025 11:21,9/18/2025 11:33,Thomas Schneider,0h 12m,1d 20h 4m,OVERNIGHT ,68,0,68
Radisson Blu Mall of America,RbM021132,4328,Returned,0,9/16/2025 15:12,Thomas Schneider,,9/18/2025 9:17,9/18/2025 9:20,Thomas Schneider,0h 3m,1d 18h 8m,OVERNIGHT ,68,0,68
Radisson Blu Mall of America,RbM021131,4361,Returned,0,9/16/2025 14:16,Andrew E,,9/20/2025 8:59,9/20/2025 9:09,Thomas Schneider,0h 10m,3d 18h 53m,OVERNIGHT ,136,0,136
Radisson Blu Mall of America,RbM021130,4846,Returned,0,9/16/2025 13:19,Andrew E,,9/17/2025 13:33,9/17/2025 13:39,Andrew E,0h 6m,1d 0h 20m,OVERNIGHT ,34,0,34
Radisson Blu Mall of America,RbM021129,4858,Returned,0,9/16/2025 13:11,Andrew E,,9/17/2025 10:20,9/17/2025 10:32,Andrew E,0h 12m,21h 21m,OVERNIGHT ,34,0,34
Radisson Blu Mall of America,RbM021128,4361,Returned,0,9/16/2025 12:21,Andrew E,,9/16/2025 12:23,9/16/2025 12:24,Andrew E,0h 1m,0h 3m,OVERNIGHT ,,0,0
Radisson Blu Mall of America,RbM021127,4858,Returned,0,9/15/2025 20:17,,,9/16/2025 8:19,9/16/2025 8:27,Andrew E,0h 8m,12h 10m,OVERNIGHT ,34,0,34
Radisson Blu Mall of America,RbM021126,4361,Returned,0,9/15/2025 20:07,,,9/16/2025 11:03,9/16/2025 11:10,Andrew E,0h 7m,15h 3m,OVERNIGHT ,34,0,34
Radisson Blu Mall of America,RbM021125,4846,Returned,0,9/15/2025 17:53,,,9/16/2025 5:02,9/16/2025 5:13,Thomas Schneider,0h 5m,11h 20m,OVERNIGHT ,34,0,34
Radisson Blu Mall of America,RbM021124,4332,Returned,0,9/15/2025 16:17,,,9/16/2025 6:16,9/16/2025 6:24,Thomas Schneider,0h 8m,14h 7m,OVERNIGHT ,34,0,34
Radisson Blu Mall of America,RbM021123,4340,Returned,0,9/15/2025 12:40,Andrew E,,9/17/2025 8:30,9/17/2025 8:45,Andrew E,0h 15m,1d 20h 5m,OVERNIGHT ,68,0,68
Radisson Blu Mall of America,RbM021122,4362,Returned,0,9/15/2025 9:32,,,9/16/2025 11:45,9/16/2025 11:54,Andrew E,0h 9m,1d 2h 22m,OVERNIGHT ,68,0,68
Radisson Blu Mall of America,RbM021121,4326,Returned,0,9/14/2025 18:40,Matt Jones,,9/21/2025 15:05,9/21/2025 15:18,Evan Q,0h 2m,6d 20h 38m,Park-N-Stay,,0,0
Radisson Blu Mall of America,RbM021120,4861,Returned,0,9/14/2025 18:38,Matt Jones,,9/16/2025 12:46,9/16/2025 13:04,Andrew E,0h 18m,1d 18h 26m,OVERNIGHT ,68,0,68
Radisson Blu Mall of America,RbM021119,4894,Returned,0,9/14/2025 16:25,,,9/15/2025 9:11,9/15/2025 9:16,Andrew E,0h 5m,16h 51m,OVERNIGHT ,34,0,34
Radisson Blu Mall of America,RbM021118,4846,Returned,0,9/14/2025 15:38,,,9/15/2025 11:35,9/15/2025 11:41,Andrew E,0h 6m,20h 3m,OVERNIGHT ,34,0,34
Radisson Blu Mall of America,RbM021117,4815,Returned,0,9/14/2025 14:22,Evan Q,,9/15/2025 10:19,9/15/2025 10:33,Andrew E,0h 14m,20h 11m,OVERNIGHT ,34,0,34
Radisson Blu Mall of America,RbM021116,4817,Returned,0,9/14/2025 14:20,Evan Q,,9/15/2025 9:23,9/15/2025 9:32,Andrew E,0h 9m,19h 12m,OVERNIGHT ,34,0,34
Radisson Blu Mall of America,RbM021115,4822,Returned,0,9/14/2025 14:02,Evan Q,,9/17/2025 8:24,9/17/2025 8:45,Andrew E,0h 21m,2d 18h 43m,OVERNIGHT ,102,0,102
Radisson Blu Mall of America,RbM021114,4363,Returned,0,9/14/2025 12:48,Andrew E,,9/15/2025 8:05,9/15/2025 8:13,Andrew E,0h 8m,19h 25m,OVERNIGHT ,34,0,34
Radisson Blu Mall of America,RbM021113,7353,Returned,0,9/13/2025 23:21,,,9/14/2025 14:37,9/14/2025 14:53,Andrew E,0h 16m,15h 32m,OVERNIGHT ,34,0,34
Radisson Blu Mall of America,RbM021112,3378,Returned,0,9/13/2025 22:47,Matt Jones,,9/16/2025 11:15,9/16/2025 11:25,Andrew E,0h 10m,2d 12h 38m,OVERNIGHT ,102,0,102
Radisson Blu Mall of America,RbM021111,6192,Returned,0,9/13/2025 22:38,,,9/14/2025 11:26,9/14/2025 11:33,Andrew E,0h 7m,12h 55m,OVERNIGHT ,34,0,34
Radisson Blu Mall of America,RbM021110,4366,Returned,0,9/13/2025 20:25,,,9/17/2025 14:38,9/17/2025 15:17,Andrew E,0h 39m,3d 18h 52m,OVERNIGHT ,136,0,136
Radisson Blu Mall of America,RbM021109,6213,Returned,0,9/13/2025 19:03,,,,9/16/2025 3:06,,,2d 8h 3m,OVERNIGHT ,102,0,102
Radisson Blu Mall of America,RbM021108,4326,Returned,0,9/13/2025 18:57,,,9/14/2025 8:35,9/14/2025 8:46,Andrew E,0h 11m,13h 49m,OVERNIGHT ,34,0,34
Radisson Blu Mall of America,RbM021107,4858,Returned,0,9/13/2025 18:52,,,9/15/2025 12:41,9/15/2025 12:59,Andrew E,0h 18m,1d 18h 7m,OVERNIGHT ,68,0,68
Radisson Blu Mall of America,RbM021106,4861,Returned,0,9/13/2025 16:58,Thomas Schneider,,9/14/2025 10:37,9/14/2025 10:47,Andrew E,0h 10m,17h 49m,OVERNIGHT ,34,0,34
Radisson Blu Mall of America,RbM021105,4855,Returned,0,9/13/2025 16:53,Thomas Schneider,,9/14/2025 10:37,9/14/2025 10:47,Andrew E,0h 10m,17h 54m,OVERNIGHT ,34,0,34
Radisson Blu Mall of America,RbM021104,4331,Returned,0,9/13/2025 16:47,Thomas Schneider,,,9/18/2025 5:33,,,4d 12h 46m,OVERNIGHT ,170,0,0
Radisson Blu Mall of America,RbM021103,4898,Returned,0,9/13/2025 16:37,Thomas Schneider,,,9/16/2025 3:07,,,2d 10h 30m,OVERNIGHT ,102,0,102
Radisson Blu Mall of America,RbM021102,4859,Returned,0,9/13/2025 16:27,Thomas Schneider,,9/15/2025 9:07,9/15/2025 9:22,Andrew E,0h 15m,1d 16h 55m,OVERNIGHT ,68,0,68
Radisson Blu Mall of America,RbM021101,4815,Returned,0,9/13/2025 16:23,Thomas Schneider,,9/14/2025 11:40,9/14/2025 11:50,Andrew E,0h 10m,19h 27m,OVERNIGHT ,34,0,34
Radisson Blu Mall of America,RbM021100,4808,Returned,0,9/13/2025 16:17,Thomas Schneider,,9/14/2025 11:13,9/14/2025 11:50,Andrew E,0h 37m,19h 33m,OVERNIGHT ,34,0,34
Radisson Blu Mall of America,RbM021099,4328,Returned,0,9/13/2025 15:15,Thomas Schneider,,9/14/2025 22:45,9/14/2025 22:58,Evan Q,0h 0m,1d 7h 43m,OVERNIGHT ,34,0,34
Radisson Blu Mall of America,RbM021098,4365,Returned,0,9/13/2025 15:10,Thomas Schneider,,9/15/2025 10:33,9/15/2025 10:56,Andrew E,0h 23m,1d 19h 46m,OVERNIGHT ,68,0,68
Radisson Blu Mall of America,RbM021097,4368,Returned,0,9/13/2025 15:05,Thomas Schneider,,9/15/2025 4:48,9/15/2025 5:05,Thomas Schneider,0h 7m,1d 14h 0m,OVERNIGHT ,68,0,68
Radisson Blu Mall of America,RbM021096,4361,Returned,0,9/13/2025 15:02,Thomas Schneider,,9/15/2025 9:23,9/15/2025 9:33,Andrew E,0h 10m,1d 18h 31m,OVERNIGHT ,68,0,68
Radisson Blu Mall of America,RbM021095,4330,Returned,0,9/13/2025 14:57,Thomas Schneider,,9/14/2025 9:27,9/14/2025 9:47,Andrew E,0h 20m,18h 50m,OVERNIGHT ,34,0,34
Radisson Blu Mall of America,RbM021094,4370,Returned,0,9/13/2025 14:56,Thomas Schneider,,9/15/2025 9:12,9/15/2025 9:22,Andrew E,0h 10m,1d 18h 26m,OVERNIGHT ,68,0,68
Radisson Blu Mall of America,RbM021093,4362,Returned,0,9/13/2025 14:24,Thomas Schneider,,9/14/2025 11:13,9/14/2025 11:17,Andrew E,0h 4m,20h 53m,OVERNIGHT ,34,0,34
Radisson Blu Mall of America,RbM021092,4367,Returned,0,9/13/2025 14:11,Thomas Schneider,,9/15/2025 7:57,9/15/2025 8:02,Andrew E,0h 5m,1d 17h 51m,OVERNIGHT ,68,0,68
Radisson Blu Mall of America,RbM021091,4370,Returned,0,9/13/2025 14:07,Thomas Schneider,,,9/13/2025 14:08,,,0h 1m,OVERNIGHT ,,0,0
Radisson Blu Mall of America,RbM021090,6255,Returned,0,9/13/2025 13:26,Thomas Schneider,,9/15/2025 9:21,9/15/2025 9:29,Andrew E,0h 6m,1d 20h 3m,OVERNIGHT ,68,0,68
Radisson Blu Mall of America,RbM021089,4340,Returned,0,9/13/2025 13:20,Thomas Schneider,,9/15/2025 10:58,9/15/2025 11:04,Andrew E,0h 6m,1d 21h 44m,OVERNIGHT ,68,0,68
Radisson Blu Mall of America,RbM021088,4363,Returned,0,9/13/2025 11:34,Thomas Schneider,,9/14/2025 11:40,9/14/2025 11:49,Andrew E,0h 9m,1d 0h 15m,OVERNIGHT ,34,0,68
Radisson Blu Mall of America,RbM021087,4865,Returned,0,9/12/2025 21:51,Thomas Schneider,,9/15/2025 7:26,9/16/2025 20:56,Andrew E,1d 13h 30m,3d 23h 5m,OVERNIGHT ,136,0,136
Radisson Blu Mall of America,RbM021086,4822,Returned,0,9/12/2025 20:13,Matt Jones,,9/14/2025 10:10,9/14/2025 10:14,Andrew E,0h 4m,1d 14h 1m,OVERNIGHT ,68,0,68
Radisson Blu Mall of America,RbM021085,4366,Returned,0,9/12/2025 18:58,,,9/13/2025 13:33,9/13/2025 13:40,Thomas Schneider,0h 7m,18h 42m,OVERNIGHT ,34,0,34
Radisson Blu Mall of America,RbM021084,4835,Returned,0,9/12/2025 18:36,,,9/15/2025 9:19,9/15/2025 9:28,Andrew E,0h 9m,2d 14h 52m,OVERNIGHT ,102,0,102
Radisson Blu Mall of America,RbM021083,4360,Returned,0,9/12/2025 18:07,,,9/14/2025 11:33,9/14/2025 11:50,Andrew E,0h 17m,1d 17h 43m,OVERNIGHT ,68,0,68
Radisson Blu Mall of America,RbM021082,4858,Returned,0,9/12/2025 17:03,,,9/12/2025 19:17,9/12/2025 20:09,Thomas Schneider,0h 3m,3h 6m,OVERNIGHT ,,0,0
Radisson Blu Mall of America,RbM021081,4332,Returned,0,9/12/2025 16:33,Thomas Schneider,,9/15/2025 14:56,9/15/2025 15:10,Matt Jones,0h 14m,2d 22h 37m,OVERNIGHT ,102,0,102
Radisson Blu Mall of America,RbM021080,4846,Returned,0,9/12/2025 15:50,Thomas Schneider,,9/14/2025 8:51,9/14/2025 8:57,Andrew E,0h 6m,1d 17h 7m,OVERNIGHT ,68,0,68
Radisson Blu Mall of America,RbM021079,4855,Returned,0,9/12/2025 0:12,Thomas Schneider,,9/12/2025 11:42,9/12/2025 11:48,Thomas Schneider,0h 6m,11h 36m,OVERNIGHT ,34,0,34
Radisson Blu Mall of America,RbM021078,4817,Returned,0,9/11/2025 22:04,,,9/14/2025 8:52,9/14/2025 9:01,Andrew E,0h 5m,2d 10h 57m,OVERNIGHT ,102,0,102
Radisson Blu Mall of America,RbM021077,4822,Returned,0,9/11/2025 20:20,Thomas Schneider,,9/12/2025 14:27,9/12/2025 14:41,Thomas Schneider,0h 14m,18h 21m,OVERNIGHT ,34,0,34
Radisson Blu Mall of America,RbM021076,4858,Returned,0,9/11/2025 18:53,,,9/12/2025 10:13,9/12/2025 10:19,Thomas Schneider,0h 6m,15h 26m,OVERNIGHT ,34,0,34
Radisson Blu Mall of America,RbM021075,4861,Returned,0,9/11/2025 18:28,,,9/13/2025 11:14,9/13/2025 11:22,Thomas Schneider,0h 8m,1d 16h 54m,OVERNIGHT ,68,0,68
Radisson Blu Mall of America,RbM021074,485,Returned,0,9/11/2025 17:51,,,9/12/2025 5:19,9/12/2025 5:26,Thomas Schneider,0h 7m,11h 35m,OVERNIGHT ,34,0,34
Radisson Blu Mall of America,RbM021073,4865,Returned,0,9/11/2025 17:30,,,9/11/2025 18:25,9/12/2025 20:24,Charles schuyler,1d 1h 59m,1d 2h 54m,OVERNIGHT ,34,0,34
Radisson Blu Mall of America,RbM021072,4869,Returned,0,9/11/2025 17:18,Charles schuyler,,9/16/2025 21:31,9/16/2025 21:56,Andrew E,0h 5m,5d 4h 38m,Park-N-Stay,,0,0
Radisson Blu Mall of America,RbM021071,6213,Returned,0,9/11/2025 17:08,Quinn Mellin,,9/13/2025 11:13,9/13/2025 11:23,Thomas Schneider,0h 10m,1d 18h 15m,OVERNIGHT ,68,0,68
Radisson Blu Mall of America,RbM021070,6255,Returned,0,9/11/2025 17:05,Quinn Mellin,,9/13/2025 10:28,9/13/2025 11:12,Thomas Schneider,0h 44m,1d 18h 7m,OVERNIGHT ,68,0,68
Radisson Blu Mall of America,RbM021069,4894,Returned,0,9/11/2025 17:00,Quinn Mellin,,9/14/2025 14:31,9/14/2025 14:53,Andrew E,0h 22m,2d 21h 53m,OVERNIGHT ,102,0,102
Radisson Blu Mall of America,RbM021068,4328,Returned,0,9/11/2025 16:38,Quinn Mellin,,9/13/2025 15:08,9/13/2025 15:14,Thomas Schneider,0h 6m,1d 22h 36m,OVERNIGHT ,68,0,68
Radisson Blu Mall of America,RbM021067,4329,Returned,0,9/11/2025 15:59,Quinn Mellin,,9/13/2025 8:38,9/13/2025 8:49,Thomas Schneider,0h 11m,1d 16h 50m,OVERNIGHT ,68,0,68
Radisson Blu Mall of America,RbM021066,4888,Returned,0,9/11/2025 15:36,Thomas Schneider,,9/13/2025 11:49,9/13/2025 12:01,Thomas Schneider,0h 12m,1d 20h 25m,OVERNIGHT ,68,0,68
Radisson Blu Mall of America,RbM021065,4898,Returned,0,9/11/2025 10:54,Thomas Schneider,,9/13/2025 4:16,9/13/2025 4:26,Thomas Schneider,0h 4m,1d 17h 32m,OVERNIGHT ,102,0,102
Radisson Blu Mall of America,RbM021064,6264,Returned,0,9/11/2025 7:56,Andrew E,,,9/16/2025 22:19,,,5d 14h 23m,Park-N-Stay,,0,0
Radisson Blu Mall of America,RbM021063,4360,Returned,0,9/11/2025 0:00,,,9/12/2025 10:04,9/12/2025 10:14,Thomas Schneider,0h 10m,1d 10h 14m,OVERNIGHT ,68,0,68
Radisson Blu Mall of America,RbM021062,4340,Returned,0,9/10/2025 22:29,Thomas Schneider,,9/13/2025 12:08,9/13/2025 12:20,Thomas Schneider,0h 12m,2d 13h 51m,OVERNIGHT ,102,0,102
Radisson Blu Mall of America,RbM021061,4329,Returned,0,9/10/2025 21:27,,,9/11/2025 12:27,9/11/2025 13:09,Andrew E,0h 42m,15h 42m,OVERNIGHT ,34,0,34
Radisson Blu Mall of America,RbM021060,4364,Returned,0,9/10/2025 17:18,Thomas Schneider,,9/14/2025 7:06,9/14/2025 7:18,Thomas Schneider,0h 12m,3d 14h 0m,OVERNIGHT ,136,0,136
Radisson Blu Mall of America,RbM021059,4330,Returned,0,9/10/2025 17:04,,,9/11/2025 7:43,9/11/2025 8:12,Andrew E,0h 29m,15h 8m,OVERNIGHT ,34,0,34
Radisson Blu Mall of America,RbM021058,4332,Returned,0,9/10/2025 16:57,,,9/12/2025 7:52,9/12/2025 8:20,Thomas Schneider,0h 28m,1d 15h 23m,OVERNIGHT ,68,0,68
Radisson Blu Mall of America,RbM021057,4328,Returned,0,9/10/2025 16:50,,,9/11/2025 9:51,9/11/2025 9:59,Andrew E,0h 8m,17h 9m,OVERNIGHT ,34,0,34
Radisson Blu Mall of America,RbM021056,4363,Returned,0,9/10/2025 16:43,,,9/11/2025 7:57,9/11/2025 8:08,Andrew E,0h 11m,15h 25m,OVERNIGHT ,34,0,34
Radisson Blu Mall of America,RbM021055,4846,Returned,0,9/10/2025 12:42,Thomas Schneider,,9/12/2025 11:12,9/12/2025 11:17,Thomas Schneider,0h 5m,1d 22h 35m,OVERNIGHT ,68,0,68
Radisson Blu Mall of America,RbM021054,4366,Returned,0,9/9/2025 18:42,Thomas Schneider,,9/12/2025 11:06,9/12/2025 11:17,Thomas Schneider,0h 11m,2d 16h 35m,OVERNIGHT ,102,0,102
Radisson Blu Mall of America,RbM021053,4360,Returned,0,9/9/2025 18:06,,,9/10/2025 9:46,9/10/2025 9:53,Thomas Schneider,0h 7m,15h 47m,OVERNIGHT ,34,0,34
Radisson Blu Mall of America,RbM021052,4330,Returned,0,9/9/2025 17:36,Quinn Mellin,,9/10/2025 7:11,9/10/2025 7:16,Thomas Schneider,0h 5m,13h 40m,OVERNIGHT ,34,0,34
Radisson Blu Mall of America,RbM021051,4368,Returned,0,9/9/2025 16:14,,,9/11/2025 7:23,9/11/2025 7:27,Andrew E,0h 4m,1d 15h 13m,OVERNIGHT ,68,0,68
Radisson Blu Mall of America,RbM021050,4328,Returned,0,9/9/2025 16:11,,,9/10/2025 7:51,9/10/2025 7:57,Thomas Schneider,0h 6m,15h 46m,OVERNIGHT ,34,0,34
Radisson Blu Mall of America,RbM021049,4332,Returned,0,9/9/2025 15:06,Thomas Schneider,,9/10/2025 8:22,9/10/2025 8:33,Thomas Schneider,0h 11m,17h 27m,OVERNIGHT ,34,0,34
Radisson Blu Mall of America,RbM021048,4332,Returned,0,9/8/2025 16:56,Thomas Schneider,,9/9/2025 6:14,9/9/2025 6:22,Thomas Schneider,0h 5m,13h 26m,OVERNIGHT ,34,0,34
Radisson Blu Mall of America,RbM021047,4330,Returned,0,9/8/2025 15:55,Thomas Schneider,,9/9/2025 17:18,9/9/2025 17:24,Thomas Schneider,0h 6m,1d 1h 29m,OVERNIGHT ,34,0,34
Radisson Blu Mall of America,RbM021046,4858,Returned,1,9/8/2025 15:54,Thomas Schneider,,9/10/2025 7:28,9/10/2025 7:38,Thomas Schneider,0h 10m,1d 15h 44m,OVERNIGHT ,68,0,68
Radisson Blu Mall of America,RbM021045,4364,Returned,0,9/8/2025 15:44,Thomas Schneider,,9/9/2025 7:09,9/9/2025 7:13,Thomas Schneider,0h 4m,15h 29m,OVERNIGHT ,34,0,34
Radisson Blu Mall of America,RbM021044,4360,Returned,0,9/8/2025 13:11,Thomas Schneider,,9/9/2025 15:56,9/9/2025 16:21,Thomas Schneider,0h 25m,1d 3h 10m,OVERNIGHT ,34,0,34
Radisson Blu Mall of America,RbM021043,4360,Returned,0,9/7/2025 20:03,Andrew E,,9/8/2025 5:52,9/8/2025 5:57,Thomas Schneider,0h 5m,9h 54m,OVERNIGHT ,34,0,34
Radisson Blu Mall of America,RbM021042,4364,Returned,0,9/7/2025 19:09,Matt Jones,,9/8/2025 8:10,9/8/2025 8:18,Thomas Schneider,0h 8m,13h 9m,OVERNIGHT ,34,0,34
Radisson Blu Mall of America,RbM021041,4368,Returned,0,9/7/2025 15:22,,,9/9/2025 8:55,9/9/2025 9:03,Thomas Schneider,0h 8m,1d 17h 41m,OVERNIGHT ,68,0,68
Radisson Blu Mall of America,RbM021040,4363,Returned,0,9/7/2025 12:24,,,9/8/2025 6:50,9/8/2025 8:17,Thomas Schneider,1h 27m,19h 53m,OVERNIGHT ,34,0,34
Radisson Blu Mall of America,RbM021039,4370,Returned,0,9/6/2025 21:33,Thomas Schneider,,,9/8/2025 20:51,,,1d 23h 18m,OVERNIGHT ,68,0,68
Radisson Blu Mall of America,RbM021038,4330,Returned,0,9/6/2025 18:08,,,9/7/2025 6:44,9/7/2025 7:28,Thomas Schneider,0h 0m,13h 20m,OVERNIGHT ,34,0,34
Radisson Blu Mall of America,RbM021037,4846,Returned,0,9/6/2025 17:48,Andrew E,,9/10/2025 11:20,9/10/2025 11:33,Andrew E,0h 13m,3d 17h 45m,OVERNIGHT ,136,0,136
Radisson Blu Mall of America,RbM021036,4366,Returned,0,9/6/2025 16:53,Andrew E,,9/9/2025 12:21,9/9/2025 12:45,Thomas Schneider,0h 13m,2d 19h 52m,OVERNIGHT ,102,0,102
Radisson Blu Mall of America,RbM021035,4365,Returned,0,9/6/2025 16:26,,,9/7/2025 4:42,9/7/2025 5:04,Thomas Schneider,0h 8m,12h 38m,OVERNIGHT ,34,0,34
Radisson Blu Mall of America,RbM021034,4332,Returned,0,9/6/2025 15:35,,,9/7/2025 10:30,9/7/2025 10:45,Thomas Schneider,0h 15m,19h 10m,OVERNIGHT ,34,0,34
Radisson Blu Mall of America,RbM021033,4367,Returned,0,9/6/2025 15:30,,,9/7/2025 10:35,9/7/2025 11:02,Thomas Schneider,0h 27m,19h 32m,OVERNIGHT ,34,0,34
Radisson Blu Mall of America,RbM021032,4368,Returned,0,9/6/2025 15:02,Thomas Schneider,,9/7/2025 11:09,9/7/2025 11:43,Thomas Schneider,0h 34m,20h 41m,OVERNIGHT ,34,0,34
Radisson Blu Mall of America,RbM021031,4331,Returned,0,9/6/2025 12:46,Andrew E,,9/11/2025 18:10,9/11/2025 18:20,Quinn Mellin,0h 3m,5d 5h 34m,Park-N-Stay,,0,0
Radisson Blu Mall of America,RbM021030,4858,Returned,0,9/6/2025 11:38,Andrew E,,9/8/2025 4:07,9/8/2025 4:13,Thomas Schneider,0h 6m,1d 16h 35m,OVERNIGHT ,102,0,102
Radisson Blu Mall of America,RbM021029,4360,Returned,0,9/6/2025 11:36,Andrew E,,9/7/2025 11:12,9/7/2025 11:43,Thomas Schneider,0h 31m,1d 0h 7m,OVERNIGHT ,68,0,68
Radisson Blu Mall of America,RbM021028,4363,Returned,0,9/6/2025 10:01,Andrew E,,9/7/2025 10:55,9/7/2025 11:02,Thomas Schneider,0h 7m,1d 1h 1m,OVERNIGHT ,68,0,68
Radisson Blu Mall of America,RbM021027,4869,Returned,0,9/6/2025 9:58,Andrew E,,9/7/2025 11:16,9/7/2025 11:43,Thomas Schneider,0h 27m,1d 1h 45m,OVERNIGHT ,68,0,68
Radisson Blu Mall of America,RbM021026,4888,Returned,0,9/6/2025 9:40,Andrew E,,9/7/2025 11:01,9/7/2025 11:09,Thomas Schneider,0h 8m,1d 1h 29m,OVERNIGHT ,68,0,68
Radisson Blu Mall of America,RbM021025,4331,Returned,0,9/6/2025 0:50,Thomas Schneider,,9/6/2025 8:23,9/6/2025 8:29,Thomas Schneider,0h 6m,7h 39m,OVERNIGHT ,34,0,34
Radisson Blu Mall of America,RbM021024,4361,Returned,0,9/6/2025 0:34,Thomas Schneider,,9/7/2025 10:01,9/7/2025 10:37,Thomas Schneider,0h 36m,1d 10h 3m,OVERNIGHT ,68,0,68
Radisson Blu Mall of America,RbM021023,4330,Returned,0,9/5/2025 23:07,,,9/6/2025 9:15,9/6/2025 9:46,Andrew E,0h 31m,10h 39m,OVERNIGHT ,34,0,34
Radisson Blu Mall of America,RbM021022,4865,Returned,0,9/5/2025 20:52,Thomas Schneider,,,9/10/2025 8:20,,,4d 11h 28m,OVERNIGHT ,170,0,170
Radisson Blu Mall of America,RbM021021,4362,Returned,0,9/5/2025 18:00,Thomas Schneider,,9/7/2025 10:08,9/7/2025 11:01,Thomas Schneider,0h 53m,1d 17h 1m,OVERNIGHT ,68,0,68
Radisson Blu Mall of America,RbM021020,4869,Returned,0,9/5/2025 17:41,Thomas Schneider,,9/6/2025 9:35,9/6/2025 9:52,Andrew E,0h 17m,16h 11m,OVERNIGHT ,34,0,34
Radisson Blu Mall of America,RbM021019,4366,Returned,0,9/5/2025 16:42,Thomas Schneider,,9/6/2025 10:07,9/6/2025 10:16,Andrew E,0h 9m,17h 34m,OVERNIGHT ,34,0,34
Radisson Blu Mall of America,RbM021018,4340,Returned,0,9/5/2025 16:10,Thomas Schneider,,9/7/2025 8:46,9/7/2025 8:54,Thomas Schneider,0h 8m,1d 16h 44m,OVERNIGHT ,68,0,68
Radisson Blu Mall of America,RbM021017,4332,Returned,0,9/5/2025 14:45,Thomas Schneider,,9/6/2025 11:09,9/6/2025 11:15,Andrew E,0h 6m,20h 30m,OVERNIGHT ,34,0,34
Radisson Blu Mall of America,RbM021016,4329,Returned,0,9/5/2025 12:43,Thomas Schneider,,9/6/2025 14:36,9/7/2025 21:57,Andrew E,1d 7h 21m,2d 9h 14m,OVERNIGHT ,68,0,68
Radisson Blu Mall of America,RbM021015,4331,Returned,0,9/4/2025 22:52,,,9/5/2025 11:05,9/5/2025 11:20,Thomas Schneider,0h 15m,12h 28m,OVERNIGHT ,34,0,34
Radisson Blu Mall of America,RbM021014,4869,Returned,0,9/4/2025 20:07,Andrew E,,9/5/2025 11:41,9/5/2025 11:56,Thomas Schneider,0h 15m,15h 49m,OVERNIGHT ,34,0,34
Radisson Blu Mall of America,RbM021013,4888,Returned,0,9/4/2025 17:25,Thomas Schneider,,9/5/2025 8:21,9/5/2025 8:51,Thomas Schneider,0h 30m,15h 26m,OVERNIGHT ,34,0,34
Radisson Blu Mall of America,RbM021012,4340,Returned,0,9/4/2025 17:21,Andrew E,,9/5/2025 8:38,9/5/2025 8:53,Thomas Schneider,0h 15m,15h 32m,OVERNIGHT ,34,0,34
Radisson Blu Mall of America,RbM021011,4329,Returned,0,9/4/2025 16:31,Andrew E,,9/5/2025 11:56,9/5/2025 12:01,Thomas Schneider,0h 5m,19h 30m,OVERNIGHT ,34,0,34
Radisson Blu Mall of America,RbM021010,4366,Returned,0,9/4/2025 15:21,Andrew E,,9/5/2025 9:39,9/5/2025 9:46,Thomas Schneider,0h 7m,18h 25m,OVERNIGHT ,34,0,34
Radisson Blu Mall of America,RbM021009,4328,Returned,0,9/3/2025 18:29,Andrew E,,9/9/2025 9:02,9/9/2025 9:10,Thomas Schneider,0h 8m,5d 14h 41m,Park-N-Stay,,0,0
Radisson Blu Mall of America,RbM021008,4894,Returned,0,9/3/2025 16:16,,,9/5/2025 11:55,9/5/2025 11:59,Thomas Schneider,0h 4m,1d 19h 43m,OVERNIGHT ,68,0,68
Radisson Blu Mall of America,RbM021007,4361,Returned,0,9/3/2025 16:01,,,9/4/2025 7:17,9/4/2025 7:28,Thomas Schneider,0h 11m,15h 27m,OVERNIGHT ,34,0,34
Radisson Blu Mall of America,RbM021006,4366,Returned,0,9/3/2025 13:52,,,9/4/2025 12:32,9/4/2025 12:50,Andrew E,0h 18m,22h 58m,OVERNIGHT ,34,0,34
Radisson Blu Mall of America,RbM021005,4858,Returned,0,9/3/2025 7:11,Thomas Schneider,,,9/4/2025 16:35,,,1d 9h 24m,OVERNIGHT ,68,0,68
Radisson Blu Mall of America,RbM021004,4361,Returned,0,9/2/2025 23:00,Thomas Schneider,,9/3/2025 15:00,9/3/2025 15:13,Thomas Schneider,0h 13m,16h 13m,OVERNIGHT ,34,0,34
Radisson Blu Mall of America,RbM021003,4340,Returned,0,9/2/2025 22:47,Thomas Schneider,,,9/4/2025 16:35,,,1d 17h 48m,OVERNIGHT ,68,0,68
Radisson Blu Mall of America,RbM021002,4360,Returned,0,9/2/2025 18:55,Thomas Schneider,,9/6/2025 11:20,9/6/2025 11:33,Andrew E,0h 13m,3d 16h 38m,OVERNIGHT ,136,0,136
Radisson Blu Mall of America,RbM021001,4330,Returned,0,9/2/2025 18:36,,,9/3/2025 17:46,9/3/2025 17:54,Thomas Schneider,0h 8m,23h 18m,OVERNIGHT ,34,0,34
Radisson Blu Mall of America,RbM021000,4329,Returned,0,9/2/2025 18:21,,,9/4/2025 12:26,9/4/2025 12:29,Thomas Schneider,0h 3m,1d 18h 8m,OVERNIGHT ,68,0,68
Radisson Blu Mall of America,RbM020999,4328,Returned,0,9/2/2025 17:37,,,9/3/2025 17:45,9/3/2025 17:51,Thomas Schneider,0h 6m,1d 0h 14m,OVERNIGHT ,34,0,34
Radisson Blu Mall of America,RbM020998,4327,Returned,0,9/2/2025 17:03,Tommy,,9/4/2025 6:45,9/5/2025 21:56,Thomas Schneider,1d 15h 11m,3d 4h 53m,OVERNIGHT ,102,0,102
Radisson Blu Mall of America,RbM020997,4326,Returned,0,9/2/2025 16:56,,,9/12/2025 16:33,9/12/2025 17:00,Quinn Mellin,0h 11m,10d 0h 4m,Park-N-Stay,,0,0
Radisson Blu Mall of America,RbM020996,4332,Returned,0,9/2/2025 15:19,Tommy,,9/5/2025 9:18,9/5/2025 9:24,Thomas Schneider,0h 6m,2d 18h 5m,OVERNIGHT ,102,0,102
Radisson Blu Mall of America,RbM020995,4369,Returned,0,9/2/2025 15:08,,,9/3/2025 6:42,9/3/2025 6:57,Thomas Schneider,0h 15m,15h 49m,OVERNIGHT ,34,0,34
Radisson Blu Mall of America,RbM020994,4365,Returned,0,9/2/2025 14:57,Thomas Schneider,,9/3/2025 11:33,9/3/2025 12:21,Thomas Schneider,0h 48m,21h 24m,OVERNIGHT ,34,0,34
Radisson Blu Mall of America,RbM020993,4858,Returned,0,9/2/2025 13:16,Thomas Schneider,,9/3/2025 6:44,9/3/2025 6:59,Thomas Schneider,0h 15m,17h 43m,OVERNIGHT ,34,0,34
Radisson Blu Mall of America,RbM020992,4366,Returned,0,9/2/2025 11:43,Thomas Schneider,,9/3/2025 8:31,9/3/2025 8:35,Thomas Schneider,0h 4m,20h 52m,OVERNIGHT ,68,0,68
Radisson Blu Mall of America,RbM020991,4888,Returned,0,9/1/2025 20:37,,,9/2/2025 8:19,9/2/2025 8:25,Thomas Schneider,0h 6m,11h 48m,OVERNIGHT ,34,0,34
Radisson Blu Mall of America,RbM020990,4360,Returned,0,9/1/2025 18:13,,,9/2/2025 10:34,9/2/2025 10:43,Thomas Schneider,0h 9m,16h 30m,OVERNIGHT ,34,0,34
Radisson Blu Mall of America,RbM020989,4858,Returned,0,9/1/2025 14:09,Evan Q,,9/2/2025 11:54,9/2/2025 12:00,Thomas Schneider,0h 6m,21h 51m,OVERNIGHT ,34,0,34
Radisson Blu Mall of America,RbM020988,4865,Returned,0,9/1/2025 13:48,Evan Q,,9/4/2025 11:07,9/4/2025 11:11,Andrew E,0h 4m,2d 21h 23m,OVERNIGHT ,102,0,102
Radisson Blu Mall of America,RbM020987,4366,Returned,0,9/1/2025 13:32,Evan Q,,9/2/2025 6:18,9/2/2025 6:27,Thomas Schneider,0h 4m,16h 55m,OVERNIGHT ,34,0,34
Radisson Blu Mall of America,RbM020986,4363,Returned,0,9/1/2025 9:51,,,9/2/2025 10:49,9/2/2025 10:52,Thomas Schneider,0h 3m,1d 1h 1m,OVERNIGHT ,68,0,68
Radisson Blu Mall of America,RbM020985,4330,Returned,0,9/1/2025 7:40,Evan Q,,9/1/2025 10:17,9/1/2025 11:33,Evan Q,1h 16m,3h 53m,OVERNIGHT ,34,0,34
Radisson Blu Mall of America,RbM020984,4326,Returned,0,8/31/2025 21:01,,,9/1/2025 4:58,9/1/2025 5:31,Thomas Schneider,0h 7m,8h 30m,OVERNIGHT ,34,0,34
Radisson Blu Mall of America,RbM020983,4361,Returned,0,8/31/2025 19:45,,,9/1/2025 11:24,9/1/2025 11:32,Evan Q,0h 7m,15h 47m,OVERNIGHT ,34,0,34
Radisson Blu Mall of America,RbM020982,4894,Returned,0,8/31/2025 19:28,,,9/3/2025 8:06,9/3/2025 8:09,Thomas Schneider,0h 3m,2d 12h 41m,OVERNIGHT ,102,0,102
Radisson Blu Mall of America,RbM020981,5129,Returned,0,8/31/2025 18:01,Thomas Schneider,,9/2/2025 10:31,9/2/2025 10:42,Thomas Schneider,0h 4m,1d 16h 41m,OVERNIGHT ,68,0,68
Radisson Blu Mall of America,RbM020980,4366,Returned,0,8/31/2025 16:10,,,9/1/2025 11:23,9/1/2025 11:28,Evan Q,0h 5m,19h 18m,OVERNIGHT ,34,0,34
Radisson Blu Mall of America,RbM020979,4367,Returned,0,8/31/2025 15:58,,,9/1/2025 9:00,9/1/2025 9:20,Evan Q,0h 20m,17h 22m,OVERNIGHT ,34,0,34
Radisson Blu Mall of America,RbM020978,4360,Returned,0,8/31/2025 14:34,Jamar Kamal,,9/1/2025 6:30,9/1/2025 6:34,Thomas Schneider,0h 4m,16h 0m,OVERNIGHT ,34,0,34
Radisson Blu Mall of America,RbM020977,4328,Returned,0,8/31/2025 14:27,Thomas Schneider,,,9/2/2025 15:56,,,2d 1h 29m,OVERNIGHT ,68,0,68
Radisson Blu Mall of America,RbM020976,4815,Returned,0,8/31/2025 14:17,,,9/1/2025 9:53,9/1/2025 14:19,Evan Q,4h 26m,1d 0h 2m,OVERNIGHT ,34,0,34
Radisson Blu Mall of America,RbM020975,4332,Returned,0,8/31/2025 13:18,,,9/1/2025 9:45,9/1/2025 10:08,Evan Q,0h 23m,20h 50m,OVERNIGHT ,34,0,34
Radisson Blu Mall of America,RbM020974,5182,Returned,1,8/31/2025 3:29,Thomas Schneider,,9/1/2025 12:12,9/1/2025 12:17,Evan Q,0h 5m,1d 8h 48m,OVERNIGHT ,68,0,68
Radisson Blu Mall of America,RbM020973,4858,Returned,0,8/31/2025 0:30,Thomas Schneider,,9/1/2025 9:37,9/1/2025 10:04,Evan Q,0h 27m,1d 9h 34m,OVERNIGHT ,68,0,68
Radisson Blu Mall of America,RbM020972,4363,Returned,0,8/30/2025 20:13,Thomas Schneider,,9/1/2025 9:10,9/1/2025 9:42,Evan Q,0h 32m,1d 13h 29m,OVERNIGHT ,68,0,68
Radisson Blu Mall of America,RbM020969,5198,Returned,0,8/30/2025 15:11,,,9/1/2025 9:38,9/1/2025 9:48,Evan Q,0h 10m,1d 18h 37m,OVERNIGHT ,68,0,68
Radisson Blu Mall of America,RbM020968,4808,Returned,0,8/30/2025 14:39,Thomas Schneider,,9/1/2025 10:35,9/1/2025 10:46,Evan Q,0h 3m,1d 20h 7m,OVERNIGHT ,68,0,68
Radisson Blu Mall of America,RbM020967,5173,Returned,0,8/30/2025 14:35,Jamar Kamal,,,9/8/2025 19:57,,,9d 5h 22m,Park-N-Stay,,0,0
Radisson Blu Mall of America,RbM020966,4370,Returned,0,8/30/2025 14:19,Andrew E,,9/1/2025 9:14,9/1/2025 9:42,Evan Q,0h 28m,1d 19h 23m,OVERNIGHT ,68,0,68
Radisson Blu Mall of America,RbM020962,4365,Returned,0,8/30/2025 12:57,Thomas Schneider,,9/1/2025 10:42,9/1/2025 10:49,Evan Q,0h 5m,1d 21h 52m,OVERNIGHT ,68,0,68
Radisson Blu Mall of America,RbM020958,5174,Returned,0,8/29/2025 23:53,Thomas Schneider,,9/1/2025 10:16,9/1/2025 10:33,Evan Q,0h 17m,2d 10h 40m,OVERNIGHT ,102,0,102
Radisson Blu Mall of America,RbM020956,5178,Returned,0,8/29/2025 23:30,,,9/1/2025 12:09,9/1/2025 12:14,Evan Q,0h 4m,2d 12h 44m,OVERNIGHT ,102,0,102
Radisson Blu Mall of America,RbM020955,5195,Returned,0,8/29/2025 22:03,,,9/1/2025 10:17,9/1/2025 10:33,Evan Q,0h 16m,2d 12h 30m,OVERNIGHT ,102,0,102
Radisson Blu Mall of America,RbM020951,4329,Returned,0,8/29/2025 19:19,Andrew E,,9/2/2025 7:35,9/2/2025 7:43,Thomas Schneider,0h 4m,3d 12h 24m,OVERNIGHT ,136,0,136
Radisson Blu Mall of America,RbM020948,4898,Returned,0,8/29/2025 19:07,Jamar Kamal,,9/1/2025 5:09,9/1/2025 5:26,Thomas Schneider,0h 17m,2d 10h 19m,OVERNIGHT ,102,0,102
Radisson Blu Mall of America,RbM020945,4869,Returned,0,8/29/2025 18:04,,,9/1/2025 11:22,9/1/2025 11:25,Evan Q,0h 3m,2d 17h 21m,OVERNIGHT ,102,0,102
Radisson Blu Mall of America,RbM020941,4331,Returned,0,8/29/2025 17:30,Thomas Schneider,,9/4/2025 9:19,9/4/2025 10:17,Andrew E,0h 58m,5d 16h 47m,OVERNIGHT ,204,0,204
Radisson Blu Mall of America,RbM020940,4817,Returned,0,8/29/2025 16:28,Thomas Schneider,,9/1/2025 10:56,9/1/2025 11:01,Evan Q,0h 5m,2d 18h 33m,OVERNIGHT ,102,0,102
Radisson Blu Mall of America,RbM020926,4888,Returned,0,8/29/2025 13:12,Thomas Schneider,,9/1/2025 12:49,9/1/2025 12:58,Evan Q,0h 9m,2d 23h 46m,OVERNIGHT ,102,0,102
Radisson Blu Mall of America,RbM020918,4865,Returned,0,8/28/2025 11:09,Evan Q,,9/1/2025 12:13,9/1/2025 12:22,Evan Q,0h 9m,4d 1h 13m,OVERNIGHT ,170,0,170
Radisson Blu Mall of America,RbM020891,4861,Returned,0,8/25/2025 14:18,Matt Jones,FX,9/7/2025 8:32,9/7/2025 8:54,Thomas Schneider,0h 22m,12d 18h 36m,Park-N-Stay,,0,0
